id, prediction
0,positive
1,negative
2,negative
3,negative
4,negative
5,positive
6,negative
7,negative
8,negative
9,negative
10,negative
11,positive
12,positive
13,positive
14,positive
15,positive
16,positive
17,positive
18,negative
19,positive
20,positive
21,positive
22,positive
23,positive
24,positive
25,negative
26,negative
27,negative
28,negative
29,negative
30,negative
31,positive
32,negative
33,negative
34,positive
35,negative
36,negative
37,negative
38,positive
39,positive
40,negative
41,negative
42,negative
43,positive
44,negative
45,negative
46,negative
47,positive
48,negative
49,negative
50,positive
51,positive
52,negative
53,positive
54,negative
55,negative
56,negative
57,negative
58,positive
59,positive
60,positive
61,negative
62,negative
63,negative
64,negative
65,positive
66,negative
67,positive
68,positive
69,negative
70,positive
71,positive
72,positive
73,positive
74,positive
75,positive
76,positive
77,positive
78,negative
79,negative
80,positive
81,positive
82,negative
83,positive
84,positive
85,negative
86,positive
87,negative
88,positive
89,positive
90,positive
91,negative
92,negative
93,negative
94,positive
95,positive
96,positive
97,negative
98,positive
99,positive
100,positive
101,negative
102,negative
103,positive
104,negative
105,positive
106,positive
107,negative
108,positive
109,positive
110,positive
111,positive
112,positive
113,negative
114,positive
115,positive
116,positive
117,positive
118,positive
119,positive
120,positive
121,negative
122,positive
123,negative
124,positive
125,positive
126,positive
127,negative
128,negative
129,positive
130,positive
131,negative
132,positive
133,positive
134,negative
135,negative
136,positive
137,negative
138,negative
139,positive
140,positive
141,positive
142,positive
143,positive
144,positive
145,positive
146,negative
147,positive
148,negative
149,negative
150,positive
151,negative
152,positive
153,negative
154,positive
155,negative
156,negative
157,positive
158,negative
159,negative
160,negative
161,negative
162,negative
163,negative
164,positive
165,positive
166,negative
167,positive
168,negative
169,negative
170,positive
171,positive
172,negative
173,positive
174,negative
175,positive
176,negative
177,positive
178,negative
179,positive
180,negative
181,positive
182,negative
183,positive
184,negative
185,positive
186,positive
187,positive
188,positive
189,negative
190,negative
191,positive
192,negative
193,positive
194,positive
195,positive
196,positive
197,negative
198,negative
199,positive
200,negative
201,positive
202,positive
203,negative
204,positive
205,positive
206,positive
207,positive
208,positive
209,negative
210,positive
211,negative
212,negative
213,positive
214,positive
215,negative
216,negative
217,positive
218,negative
219,positive
220,positive
221,negative
222,positive
223,positive
224,positive
225,negative
226,negative
227,negative
228,negative
229,positive
230,positive
231,negative
232,positive
233,negative
234,negative
235,negative
236,negative
237,negative
238,positive
239,positive
240,positive
241,positive
242,positive
243,positive
244,positive
245,positive
246,positive
247,positive
248,positive
249,positive
250,positive
251,positive
252,negative
253,positive
254,positive
255,positive
256,positive
257,negative
258,negative
259,positive
260,negative
261,positive
262,negative
263,negative
264,positive
265,negative
266,negative
267,negative
268,positive
269,negative
270,positive
271,positive
272,negative
273,positive
274,negative
275,positive
276,negative
277,positive
278,negative
279,positive
280,positive
281,positive
282,positive
283,positive
284,negative
285,negative
286,positive
287,positive
288,positive
289,positive
290,positive
291,negative
292,positive
293,positive
294,negative
295,positive
296,positive
297,positive
298,positive
299,positive
300,positive
301,positive
302,negative
303,positive
304,positive
305,positive
306,positive
307,positive
308,negative
309,positive
310,negative
311,negative
312,negative
313,positive
314,positive
315,negative
316,negative
317,positive
318,negative
319,negative
320,positive
321,negative
322,negative
323,positive
324,negative
325,negative
326,positive
327,negative
328,negative
329,positive
330,positive
331,positive
332,negative
333,negative
334,negative
335,negative
336,negative
337,positive
338,positive
339,negative
340,negative
341,positive
342,negative
343,negative
344,negative
345,positive
346,negative
347,positive
348,negative
349,negative
350,negative
351,positive
352,negative
353,positive
354,negative
355,positive
356,positive
357,negative
358,negative
359,negative
360,negative
361,negative
362,positive
363,positive
364,negative
365,positive
366,negative
367,negative
368,positive
369,negative
370,negative
371,positive
372,positive
373,positive
374,positive
375,positive
376,negative
377,negative
378,negative
379,negative
380,positive
381,negative
382,negative
383,negative
384,positive
385,negative
386,negative
387,negative
388,negative
389,negative
390,negative
391,positive
392,positive
393,negative
394,negative
395,negative
396,negative
397,negative
398,negative
399,negative
400,negative
401,positive
402,positive
403,positive
404,negative
405,positive
406,negative
407,negative
408,positive
409,negative
410,negative
411,positive
412,positive
413,positive
414,positive
415,negative
416,negative
417,positive
418,positive
419,negative
420,negative
421,positive
422,positive
423,positive
424,positive
425,positive
426,negative
427,negative
428,positive
429,negative
430,positive
431,positive
432,positive
433,negative
434,positive
435,positive
436,negative
437,negative
438,negative
439,negative
440,negative
441,positive
442,positive
443,positive
444,positive
445,positive
446,positive
447,positive
448,positive
449,negative
450,negative
451,negative
452,negative
453,negative
454,positive
455,positive
456,negative
457,negative
458,negative
459,positive
460,positive
461,positive
462,negative
463,negative
464,negative
465,positive
466,negative
467,positive
468,positive
469,positive
470,negative
471,positive
472,negative
473,positive
474,positive
475,negative
476,positive
477,positive
478,negative
479,negative
480,positive
481,positive
482,negative
483,positive
484,positive
485,positive
486,positive
487,negative
488,negative
489,negative
490,negative
491,negative
492,negative
493,negative
494,negative
495,negative
496,negative
497,negative
498,negative
499,negative
500,negative
501,negative
502,negative
503,negative
504,negative
505,negative
506,negative
507,negative
508,negative
509,negative
510,negative
511,negative
512,negative
513,negative
514,negative
515,negative
516,negative
517,negative
518,negative
519,negative
520,negative
521,negative
522,negative
523,negative
524,negative
525,negative
526,negative
527,negative
528,negative
529,negative
530,negative
531,negative
532,negative
533,negative
534,negative
535,negative
536,negative
537,positive
538,negative
539,negative
540,negative
541,negative
542,negative
543,negative
544,negative
545,negative
546,negative
547,positive
548,negative
549,negative
550,negative
551,negative
552,negative
553,negative
554,negative
555,negative
556,negative
557,negative
558,negative
559,negative
560,negative
561,negative
562,negative
563,negative
564,negative
565,negative
566,negative
567,negative
568,negative
569,negative
570,negative
571,negative
572,negative
573,negative
574,negative
575,negative
576,negative
577,negative
578,negative
579,negative
580,negative
581,negative
582,negative
583,negative
584,negative
585,negative
586,negative
587,negative
588,positive
589,negative
590,negative
591,negative
592,positive
593,negative
594,negative
595,negative
596,positive
597,positive
598,negative
599,negative
600,negative
601,negative
602,positive
603,negative
604,negative
605,negative
606,negative
607,negative
608,negative
609,negative
610,positive
611,negative
612,negative
613,negative
614,negative
615,positive
616,positive
617,positive
618,negative
619,negative
620,negative
621,negative
622,positive
623,negative
624,negative
625,negative
626,positive
627,negative
628,positive
629,negative
630,positive
631,negative
632,negative
633,negative
634,negative
635,positive
636,negative
637,negative
638,negative
639,negative
640,negative
641,positive
642,negative
643,negative
644,negative
645,negative
646,negative
647,positive
648,negative
649,positive
650,negative
651,negative
652,negative
653,positive
654,negative
655,positive
656,positive
657,positive
658,negative
659,negative
660,negative
661,negative
662,negative
663,negative
664,positive
665,positive
666,negative
667,positive
668,negative
669,negative
670,negative
671,negative
672,negative
673,negative
674,negative
675,negative
676,positive
677,negative
678,negative
679,negative
680,positive
681,positive
682,positive
683,negative
684,positive
685,negative
686,negative
687,negative
688,positive
689,negative
690,positive
691,positive
692,positive
693,negative
694,positive
695,negative
696,positive
697,positive
698,positive
699,positive
700,positive
701,negative
702,positive
703,negative
704,negative
705,negative
706,positive
707,positive
708,positive
709,positive
710,positive
711,positive
712,positive
713,positive
714,positive
715,negative
716,negative
717,positive
718,negative
719,positive
720,negative
721,positive
722,positive
723,positive
724,negative
725,positive
726,positive
727,positive
728,positive
729,positive
730,positive
731,positive
732,positive
733,positive
734,positive
735,negative
736,positive
737,negative
738,positive
739,positive
740,positive
741,positive
742,positive
743,positive
744,positive
745,positive
746,positive
747,positive
748,positive
749,positive
750,positive
751,negative
752,positive
753,positive
754,positive
755,positive
756,negative
757,positive
758,positive
759,positive
760,positive
761,positive
762,negative
763,negative
764,positive
765,negative
766,positive
767,positive
768,positive
769,positive
770,positive
771,negative
772,positive
773,negative
774,positive
775,positive
776,positive
777,positive
778,positive
779,negative
780,positive
781,negative
782,negative
783,positive
784,positive
785,negative
786,positive
787,positive
788,positive
789,negative
790,negative
791,negative
792,negative
793,positive
794,positive
795,positive
796,positive
797,positive
798,positive
799,positive
800,positive
801,positive
802,positive
803,positive
804,negative
805,positive
806,positive
807,negative
808,negative
809,positive
810,positive
811,positive
812,positive
813,positive
814,positive
815,positive
816,negative
817,positive
818,negative
819,negative
820,negative
821,positive
822,positive
823,positive
824,positive
825,negative
826,negative
827,positive
828,positive
829,positive
830,positive
831,positive
832,positive
833,positive
834,negative
835,positive
836,negative
837,positive
838,negative
839,positive
840,negative
841,positive
842,positive
843,positive
844,negative
845,positive
846,negative
847,positive
848,negative
849,positive
850,positive
851,positive
852,positive
853,positive
854,positive
855,positive
856,positive
857,positive
858,positive
859,positive
860,positive
861,positive
862,positive
863,positive
864,positive
865,negative
866,positive
867,positive
868,negative
869,positive
870,positive
871,positive
872,positive
873,positive
874,positive
875,positive
876,positive
877,positive
878,positive
879,positive
880,positive
881,positive
882,positive
883,positive
884,positive
885,positive
886,positive
887,positive
888,positive
889,positive
890,positive
891,negative
892,positive
893,negative
894,positive
895,negative
896,negative
897,positive
898,negative
899,positive
900,negative
901,positive
902,negative
903,positive
904,positive
905,negative
906,positive
907,negative
908,positive
909,negative
910,negative
911,positive
912,negative
913,positive
914,positive
915,positive
916,positive
917,negative
918,negative
919,positive
920,positive
921,positive
922,positive
923,negative
924,positive
925,positive
926,negative
927,positive
928,positive
929,negative
930,positive
931,positive
932,negative
933,positive
934,negative
935,positive
936,negative
937,negative
938,positive
939,negative
940,negative
941,negative
942,negative
943,negative
944,negative
945,negative
946,negative
947,positive
948,negative
949,positive
950,negative
951,positive
952,negative
953,positive
954,positive
955,positive
956,negative
957,positive
958,negative
959,positive
960,positive
961,positive
962,negative
963,negative
964,positive
965,positive
966,positive
967,positive
968,negative
969,negative
970,negative
971,positive
972,positive
973,negative
974,positive
975,positive
976,positive
977,negative
978,negative
979,negative
980,negative
981,positive
982,positive
983,positive
984,negative
985,negative
986,negative
987,negative
988,positive
989,negative
990,positive
991,positive
992,positive
993,positive
994,negative
995,positive
996,positive
997,positive
998,positive
999,negative
1000,negative
1001,negative
1002,negative
1003,positive
1004,positive
1005,negative
1006,negative
1007,positive
1008,positive
1009,negative
1010,negative
1011,negative
1012,negative
1013,negative
1014,negative
1015,negative
1016,positive
1017,negative
1018,negative
1019,negative
1020,negative
1021,negative
1022,positive
1023,positive
1024,positive
1025,positive
1026,positive
1027,negative
1028,positive
1029,negative
1030,negative
1031,negative
1032,positive
1033,negative
1034,negative
1035,negative
1036,negative
1037,negative
1038,negative
1039,negative
1040,negative
1041,negative
1042,positive
1043,negative
1044,negative
1045,negative
1046,negative
1047,negative
1048,negative
1049,positive
1050,negative
1051,negative
1052,negative
1053,negative
1054,negative
1055,negative
1056,negative
1057,negative
1058,negative
1059,negative
1060,negative
1061,negative
1062,negative
1063,positive
1064,positive
1065,negative
1066,positive
1067,positive
1068,negative
1069,negative
1070,negative
1071,positive
1072,positive
1073,negative
1074,positive
1075,negative
1076,negative
1077,negative
1078,negative
1079,negative
1080,positive
1081,positive
1082,positive
1083,positive
1084,negative
1085,positive
1086,negative
1087,positive
1088,negative
1089,positive
1090,negative
1091,positive
1092,negative
1093,negative
1094,negative
1095,negative
1096,positive
1097,negative
1098,negative
1099,positive
1100,negative
1101,positive
1102,negative
1103,negative
1104,negative
1105,negative
1106,positive
1107,negative
1108,positive
1109,positive
1110,positive
1111,negative
1112,negative
1113,positive
1114,positive
1115,negative
1116,negative
1117,positive
1118,negative
1119,positive
1120,positive
1121,negative
1122,positive
1123,negative
1124,positive
1125,positive
1126,positive
1127,negative
1128,positive
1129,negative
1130,negative
1131,negative
1132,positive
1133,negative
1134,negative
1135,negative
1136,positive
1137,positive
1138,positive
1139,positive
1140,negative
1141,positive
1142,positive
1143,positive
1144,negative
1145,negative
1146,negative
1147,negative
1148,negative
1149,positive
1150,negative
1151,negative
1152,positive
1153,negative
1154,negative
1155,positive
1156,negative
1157,negative
1158,positive
1159,positive
1160,positive
1161,negative
1162,positive
1163,negative
1164,positive
1165,positive
1166,positive
1167,negative
1168,negative
1169,negative
1170,negative
1171,negative
1172,negative
1173,negative
1174,negative
1175,negative
1176,negative
1177,negative
1178,negative
1179,negative
1180,positive
1181,negative
1182,negative
1183,positive
1184,negative
1185,negative
1186,positive
1187,negative
1188,positive
1189,positive
1190,negative
1191,negative
1192,negative
1193,negative
1194,negative
1195,negative
1196,negative
1197,positive
1198,negative
1199,positive
1200,positive
1201,negative
1202,negative
1203,negative
1204,negative
1205,negative
1206,negative
1207,negative
1208,negative
1209,negative
1210,negative
1211,negative
1212,negative
1213,negative
1214,negative
1215,negative
1216,positive
1217,negative
1218,negative
1219,positive
1220,negative
1221,negative
1222,negative
1223,negative
1224,negative
1225,positive
1226,negative
1227,positive
1228,positive
1229,negative
1230,positive
1231,positive
1232,positive
1233,positive
1234,positive
1235,negative
1236,positive
1237,negative
1238,positive
1239,negative
1240,negative
1241,positive
1242,negative
1243,positive
1244,positive
1245,positive
1246,positive
1247,positive
1248,negative
1249,positive
1250,positive
1251,positive
1252,positive
1253,negative
1254,negative
1255,negative
1256,positive
1257,positive
1258,negative
1259,positive
1260,negative
1261,positive
1262,positive
1263,negative
1264,negative
1265,negative
1266,positive
1267,negative
1268,positive
1269,negative
1270,negative
1271,positive
1272,positive
1273,positive
1274,positive
1275,positive
1276,negative
1277,negative
1278,positive
1279,positive
1280,negative
1281,positive
1282,negative
1283,positive
1284,negative
1285,negative
1286,negative
1287,positive
1288,negative
1289,positive
1290,positive
1291,negative
1292,positive
1293,negative
1294,positive
1295,positive
1296,positive
1297,positive
1298,positive
1299,positive
1300,negative
1301,positive
1302,positive
1303,positive
1304,negative
1305,positive
1306,negative
1307,negative
1308,positive
1309,negative
1310,positive
1311,negative
1312,negative
1313,negative
1314,negative
1315,negative
1316,positive
1317,positive
1318,positive
1319,positive
1320,positive
1321,negative
1322,negative
1323,negative
1324,positive
1325,negative
1326,positive
1327,negative
1328,positive
1329,positive
1330,negative
1331,positive
1332,negative
1333,negative
1334,positive
1335,positive
1336,positive
1337,positive
1338,negative
1339,positive
1340,positive
1341,positive
1342,positive
1343,positive
1344,positive
1345,negative
1346,negative
1347,negative
1348,positive
1349,positive
1350,positive
1351,negative
1352,positive
1353,positive
1354,negative
1355,positive
1356,positive
1357,negative
1358,positive
1359,negative
1360,positive
1361,negative
1362,negative
1363,positive
1364,negative
1365,positive
1366,negative
1367,negative
1368,negative
1369,positive
1370,negative
1371,negative
1372,positive
1373,negative
1374,negative
1375,positive
1376,negative
1377,negative
1378,positive
1379,positive
1380,positive
1381,positive
1382,positive
1383,positive
1384,positive
1385,negative
1386,positive
1387,positive
1388,negative
1389,negative
1390,negative
1391,negative
1392,negative
1393,positive
1394,positive
1395,positive
1396,positive
1397,positive
1398,positive
1399,positive
1400,positive
1401,positive
1402,positive
1403,positive
1404,positive
1405,positive
1406,negative
1407,positive
1408,negative
1409,positive
1410,positive
1411,positive
1412,positive
1413,positive
1414,positive
1415,positive
1416,negative
1417,positive
1418,negative
1419,positive
1420,negative
1421,negative
1422,positive
1423,positive
1424,positive
1425,positive
1426,negative
1427,positive
1428,negative
1429,negative
1430,positive
1431,positive
1432,positive
1433,positive
1434,positive
1435,negative
1436,negative
1437,positive
1438,negative
1439,negative
1440,negative
1441,positive
1442,negative
1443,positive
1444,negative
1445,positive
1446,negative
1447,positive
1448,negative
1449,positive
1450,positive
1451,negative
1452,positive
1453,positive
1454,positive
1455,positive
1456,negative
1457,negative
1458,negative
1459,positive
1460,positive
1461,negative
1462,positive
1463,positive
1464,negative
1465,negative
1466,positive
1467,positive
1468,positive
1469,positive
1470,positive
1471,negative
1472,negative
1473,negative
1474,negative
1475,negative
1476,negative
1477,positive
1478,positive
1479,negative
1480,negative
1481,negative
1482,negative
1483,negative
1484,negative
1485,positive
1486,positive
1487,positive
1488,negative
1489,negative
1490,positive
1491,negative
1492,positive
1493,positive
1494,positive
1495,negative
1496,negative
1497,positive
1498,negative
1499,positive
1500,positive
1501,positive
1502,positive
1503,positive
1504,negative
1505,negative
1506,negative
1507,negative
1508,negative
1509,negative
1510,positive
1511,negative
1512,negative
1513,positive
1514,positive
1515,positive
1516,positive
1517,negative
1518,negative
1519,positive
1520,negative
1521,negative
1522,positive
1523,positive
1524,positive
1525,positive
1526,positive
1527,positive
1528,positive
1529,positive
1530,negative
1531,negative
1532,negative
1533,negative
1534,positive
1535,negative
1536,negative
1537,negative
1538,positive
1539,positive
1540,negative
1541,negative
1542,negative
1543,negative
1544,positive
1545,positive
1546,positive
1547,positive
1548,positive
1549,positive
1550,positive
1551,negative
1552,positive
1553,positive
1554,negative
1555,positive
1556,negative
1557,positive
1558,negative
1559,positive
1560,positive
1561,positive
1562,positive
1563,positive
1564,positive
1565,positive
1566,positive
1567,negative
1568,positive
1569,negative
1570,negative
1571,negative
1572,negative
1573,positive
1574,positive
1575,positive
1576,negative
1577,positive
1578,positive
1579,positive
1580,positive
1581,positive
1582,positive
1583,positive
1584,negative
1585,negative
1586,positive
1587,positive
1588,positive
1589,positive
1590,positive
1591,positive
1592,positive
1593,positive
1594,positive
1595,positive
1596,positive
1597,positive
1598,negative
1599,positive
1600,positive
1601,negative
1602,positive
1603,positive
1604,positive
1605,negative
1606,negative
1607,positive
1608,positive
1609,negative
1610,positive
1611,negative
1612,positive
1613,positive
1614,negative
1615,negative
1616,positive
1617,positive
1618,negative
1619,positive
1620,positive
1621,positive
1622,positive
1623,positive
1624,negative
1625,positive
1626,positive
1627,positive
1628,positive
1629,negative
1630,positive
1631,positive
1632,positive
1633,positive
1634,positive
1635,positive
1636,positive
1637,positive
1638,positive
1639,positive
1640,positive
1641,positive
1642,positive
1643,positive
1644,positive
1645,positive
1646,positive
1647,positive
1648,positive
1649,positive
1650,positive
1651,positive
1652,positive
1653,positive
1654,positive
1655,positive
1656,positive
1657,negative
1658,positive
1659,negative
1660,negative
1661,negative
1662,positive
1663,positive
1664,positive
1665,positive
1666,positive
1667,positive
1668,positive
1669,positive
1670,negative
1671,positive
1672,positive
1673,positive
1674,positive
1675,positive
1676,positive
1677,positive
1678,negative
1679,positive
1680,positive
1681,positive
1682,positive
1683,positive
1684,positive
1685,positive
1686,positive
1687,positive
1688,positive
1689,negative
1690,positive
1691,negative
1692,positive
1693,positive
1694,positive
1695,positive
1696,positive
1697,positive
1698,positive
1699,negative
1700,positive
1701,negative
1702,negative
1703,positive
1704,positive
1705,positive
1706,positive
1707,negative
1708,negative
1709,negative
1710,negative
1711,negative
1712,positive
1713,positive
1714,positive
1715,positive
1716,positive
1717,negative
1718,negative
1719,negative
1720,negative
1721,negative
1722,positive
1723,negative
1724,negative
1725,positive
1726,positive
1727,negative
1728,positive
1729,positive
1730,positive
1731,negative
1732,positive
1733,positive
1734,positive
1735,positive
1736,negative
1737,positive
1738,positive
1739,positive
1740,positive
1741,negative
1742,positive
1743,negative
1744,positive
1745,positive
1746,positive
1747,negative
1748,positive
1749,positive
1750,negative
1751,negative
1752,negative
1753,positive
1754,negative
1755,positive
1756,negative
1757,positive
1758,positive
1759,positive
1760,positive
1761,positive
1762,positive
1763,negative
1764,positive
1765,positive
1766,positive
1767,positive
1768,negative
1769,positive
1770,positive
1771,positive
1772,positive
1773,negative
1774,negative
1775,negative
1776,positive
1777,positive
1778,positive
1779,positive
1780,positive
1781,negative
1782,positive
1783,positive
1784,positive
1785,positive
1786,positive
1787,negative
1788,positive
1789,positive
1790,positive
1791,positive
1792,positive
1793,positive
1794,positive
1795,positive
1796,positive
1797,negative
1798,positive
1799,positive
1800,negative
1801,positive
1802,positive
1803,positive
1804,positive
1805,negative
1806,negative
1807,positive
1808,positive
1809,positive
1810,positive
1811,positive
1812,positive
1813,negative
1814,positive
1815,positive
1816,negative
1817,positive
1818,positive
1819,positive
1820,negative
1821,positive
1822,negative
1823,negative
1824,positive
1825,negative
1826,negative
1827,positive
1828,positive
1829,negative
1830,negative
1831,positive
1832,negative
1833,positive
1834,negative
1835,positive
1836,negative
1837,negative
1838,positive
1839,positive
1840,positive
1841,negative
1842,negative
1843,negative
1844,positive
1845,positive
1846,positive
1847,negative
1848,positive
1849,positive
1850,negative
1851,positive
1852,positive
1853,positive
1854,negative
1855,negative
1856,negative
1857,negative
1858,positive
1859,positive
1860,positive
1861,positive
1862,negative
1863,negative
1864,negative
1865,negative
1866,positive
1867,negative
1868,negative
1869,negative
1870,negative
1871,negative
1872,positive
1873,positive
1874,negative
1875,negative
1876,negative
1877,positive
1878,positive
1879,negative
1880,negative
1881,negative
1882,negative
1883,negative
1884,positive
1885,negative
1886,positive
1887,positive
1888,positive
1889,positive
1890,positive
1891,positive
1892,positive
1893,negative
1894,negative
1895,positive
1896,negative
1897,negative
1898,positive
1899,positive
1900,positive
1901,negative
1902,negative
1903,negative
1904,positive
1905,positive
1906,positive
1907,negative
1908,positive
1909,positive
1910,negative
1911,positive
1912,positive
1913,negative
1914,negative
1915,negative
1916,positive
1917,negative
1918,negative
1919,positive
1920,negative
1921,negative
1922,positive
1923,negative
1924,positive
1925,positive
1926,positive
1927,positive
1928,positive
1929,positive
1930,negative
1931,positive
1932,negative
1933,negative
1934,negative
1935,positive
1936,positive
1937,positive
1938,positive
1939,positive
1940,positive
1941,positive
1942,positive
1943,positive
1944,positive
1945,positive
1946,positive
1947,positive
1948,negative
1949,negative
1950,positive
1951,positive
1952,positive
1953,positive
1954,positive
1955,positive
1956,positive
1957,negative
1958,positive
1959,positive
1960,positive
1961,negative
1962,positive
1963,negative
1964,negative
1965,positive
1966,positive
1967,positive
1968,positive
1969,positive
1970,negative
1971,negative
1972,positive
1973,positive
1974,negative
1975,positive
1976,positive
1977,positive
1978,positive
1979,positive
1980,negative
1981,negative
1982,positive
1983,negative
1984,negative
1985,positive
1986,negative
1987,positive
1988,positive
1989,positive
1990,negative
1991,positive
1992,negative
1993,negative
1994,negative
1995,negative
1996,positive
1997,negative
1998,negative
1999,negative
2000,positive
2001,negative
2002,positive
2003,positive
2004,negative
2005,positive
2006,positive
2007,positive
2008,positive
2009,positive
2010,positive
2011,negative
2012,negative
2013,negative
2014,positive
2015,negative
2016,positive
2017,negative
2018,positive
2019,negative
2020,negative
2021,positive
2022,negative
2023,positive
2024,positive
2025,negative
2026,positive
2027,positive
2028,positive
2029,positive
2030,negative
2031,positive
2032,positive
2033,positive
2034,positive
2035,positive
2036,negative
2037,negative
2038,negative
2039,negative
2040,positive
2041,positive
2042,positive
2043,positive
2044,positive
2045,negative
2046,negative
2047,positive
2048,positive
2049,positive
2050,positive
2051,positive
2052,positive
2053,positive
2054,negative
2055,positive
2056,positive
2057,negative
2058,negative
2059,positive
2060,positive
2061,positive
2062,positive
2063,positive
2064,negative
2065,negative
2066,negative
2067,negative
2068,negative
2069,positive
2070,positive
2071,positive
2072,positive
2073,negative
2074,negative
2075,negative
2076,positive
2077,negative
2078,negative
2079,negative
2080,negative
2081,negative
2082,positive
2083,positive
2084,positive
2085,positive
2086,positive
2087,positive
2088,negative
2089,negative
2090,negative
2091,negative
2092,negative
2093,positive
2094,negative
2095,negative
2096,negative
2097,negative
2098,positive
2099,negative
2100,negative
2101,negative
2102,negative
2103,negative
2104,negative
2105,positive
2106,negative
2107,positive
2108,positive
2109,negative
2110,negative
2111,positive
2112,negative
2113,negative
2114,positive
2115,positive
2116,positive
2117,positive
2118,positive
2119,positive
2120,negative
2121,positive
2122,negative
2123,negative
2124,positive
2125,negative
2126,positive
2127,positive
2128,negative
2129,negative
2130,positive
2131,positive
2132,negative
2133,positive
2134,negative
2135,negative
2136,negative
2137,negative
2138,positive
2139,positive
2140,positive
2141,negative
2142,negative
2143,positive
2144,negative
2145,negative
2146,negative
2147,negative
2148,negative
2149,negative
2150,positive
2151,positive
2152,positive
2153,positive
2154,positive
2155,negative
2156,positive
2157,positive
2158,negative
2159,positive
2160,negative
2161,negative
2162,negative
2163,negative
2164,negative
2165,negative
2166,negative
2167,negative
2168,negative
2169,negative
2170,positive
2171,negative
2172,negative
2173,negative
2174,positive
2175,negative
2176,negative
2177,positive
2178,negative
2179,negative
2180,negative
2181,negative
2182,negative
2183,positive
2184,positive
2185,positive
2186,positive
2187,positive
2188,positive
2189,positive
2190,positive
2191,positive
2192,positive
2193,positive
2194,positive
2195,positive
2196,negative
2197,positive
2198,positive
2199,positive
2200,negative
2201,positive
2202,positive
2203,positive
2204,positive
2205,negative
2206,negative
2207,negative
2208,positive
2209,positive
2210,positive
2211,positive
2212,positive
2213,positive
2214,negative
2215,positive
2216,positive
2217,positive
2218,positive
2219,negative
2220,positive
2221,positive
2222,negative
2223,positive
2224,positive
2225,negative
2226,positive
2227,negative
2228,positive
2229,positive
2230,positive
2231,negative
2232,positive
2233,negative
2234,positive
2235,positive
2236,positive
2237,positive
2238,positive
2239,positive
2240,positive
2241,negative
2242,negative
2243,negative
2244,positive
2245,positive
2246,positive
2247,positive
2248,positive
2249,negative
2250,negative
2251,positive
2252,positive
2253,positive
2254,positive
2255,positive
2256,positive
2257,positive
2258,positive
2259,negative
2260,negative
2261,negative
2262,negative
2263,positive
2264,positive
2265,positive
2266,positive
2267,positive
2268,positive
2269,positive
2270,negative
2271,positive
2272,negative
2273,positive
2274,positive
2275,positive
2276,positive
2277,positive
2278,positive
2279,negative
2280,positive
2281,positive
2282,positive
2283,positive
2284,negative
2285,negative
2286,negative
2287,negative
2288,negative
2289,negative
2290,negative
2291,negative
2292,negative
2293,negative
2294,negative
2295,positive
2296,positive
2297,negative
2298,negative
2299,negative
2300,negative
2301,negative
2302,negative
2303,negative
2304,negative
2305,negative
2306,negative
2307,negative
2308,negative
2309,negative
2310,negative
2311,negative
2312,negative
2313,negative
2314,negative
2315,negative
2316,negative
2317,negative
2318,positive
2319,negative
2320,positive
2321,negative
2322,positive
2323,negative
2324,negative
2325,negative
2326,negative
2327,negative
2328,negative
2329,negative
2330,negative
2331,negative
2332,negative
2333,negative
2334,negative
2335,negative
2336,positive
2337,negative
2338,negative
2339,negative
2340,negative
2341,negative
2342,negative
2343,negative
2344,negative
2345,negative
2346,negative
2347,negative
2348,positive
2349,negative
2350,negative
2351,positive
2352,negative
2353,negative
2354,negative
2355,negative
2356,negative
2357,negative
2358,negative
2359,negative
2360,negative
2361,negative
2362,negative
2363,negative
2364,negative
2365,negative
2366,negative
2367,negative
2368,negative
2369,negative
2370,positive
2371,negative
2372,positive
2373,negative
2374,negative
2375,negative
2376,negative
2377,negative
2378,negative
2379,negative
2380,negative
2381,negative
2382,negative
2383,negative
2384,negative
2385,negative
2386,negative
2387,negative
2388,negative
2389,positive
2390,negative
2391,negative
2392,positive
2393,negative
2394,positive
2395,positive
2396,positive
2397,negative
2398,positive
2399,negative
2400,positive
2401,negative
2402,positive
2403,negative
2404,positive
2405,positive
2406,positive
2407,positive
2408,positive
2409,negative
2410,negative
2411,positive
2412,negative
2413,negative
2414,negative
2415,positive
2416,negative
2417,negative
2418,positive
2419,negative
2420,positive
2421,positive
2422,negative
2423,negative
2424,negative
2425,negative
2426,negative
2427,positive
2428,positive
2429,negative
2430,negative
2431,positive
2432,negative
2433,negative
2434,negative
2435,negative
2436,positive
2437,positive
2438,positive
2439,negative
2440,negative
2441,positive
2442,negative
2443,negative
2444,negative
2445,positive
2446,positive
2447,positive
2448,negative
2449,positive
2450,positive
2451,positive
2452,negative
2453,positive
2454,positive
2455,positive
2456,positive
2457,positive
2458,positive
2459,positive
2460,negative
2461,negative
2462,negative
2463,negative
2464,negative
2465,positive
2466,positive
2467,negative
2468,positive
2469,positive
2470,positive
2471,positive
2472,positive
2473,positive
2474,negative
2475,positive
2476,positive
2477,positive
2478,positive
2479,positive
2480,positive
2481,positive
2482,positive
2483,positive
2484,negative
2485,negative
2486,positive
2487,positive
2488,negative
2489,negative
2490,positive
2491,positive
2492,negative
2493,negative
2494,negative
2495,positive
2496,positive
2497,positive
2498,negative
2499,negative
2500,negative
2501,negative
2502,negative
2503,positive
2504,positive
2505,negative
2506,positive
2507,positive
2508,positive
2509,negative
2510,negative
2511,positive
2512,positive
2513,positive
2514,positive
2515,positive
2516,negative
2517,positive
2518,negative
2519,negative
2520,negative
2521,negative
2522,negative
2523,negative
2524,positive
2525,positive
2526,positive
2527,positive
2528,positive
2529,negative
2530,negative
2531,negative
2532,positive
2533,positive
2534,positive
2535,positive
2536,positive
2537,negative
2538,negative
2539,negative
2540,negative
2541,negative
2542,positive
2543,positive
2544,positive
2545,negative
2546,negative
2547,positive
2548,negative
2549,negative
2550,positive
2551,positive
2552,negative
2553,negative
2554,positive
2555,positive
2556,positive
2557,negative
2558,negative
2559,positive
2560,negative
2561,positive
2562,negative
2563,positive
2564,positive
2565,negative
2566,negative
2567,negative
2568,positive
2569,positive
2570,negative
2571,negative
2572,positive
2573,negative
2574,negative
2575,negative
2576,positive
2577,positive
2578,positive
2579,positive
2580,negative
2581,negative
2582,negative
2583,negative
2584,negative
2585,negative
2586,negative
2587,positive
2588,positive
2589,positive
2590,negative
2591,negative
2592,positive
2593,negative
2594,positive
2595,negative
2596,negative
2597,negative
2598,negative
2599,negative
2600,negative
2601,positive
2602,negative
2603,positive
2604,negative
2605,positive
2606,positive
2607,positive
2608,negative
2609,negative
2610,negative
2611,negative
2612,negative
2613,positive
2614,negative
2615,positive
2616,positive
2617,negative
2618,negative
2619,negative
2620,positive
2621,negative
2622,negative
2623,negative
2624,negative
2625,negative
2626,negative
2627,positive
2628,negative
2629,negative
2630,negative
2631,negative
2632,positive
2633,positive
2634,negative
2635,positive
2636,negative
2637,positive
2638,positive
2639,negative
2640,negative
2641,negative
2642,negative
2643,negative
2644,negative
2645,negative
2646,negative
2647,positive
2648,positive
2649,negative
2650,negative
2651,positive
2652,negative
2653,negative
2654,positive
2655,positive
2656,positive
2657,negative
2658,negative
2659,negative
2660,positive
2661,positive
2662,positive
2663,positive
2664,positive
2665,positive
2666,positive
2667,positive
2668,positive
2669,positive
2670,positive
2671,positive
2672,positive
2673,negative
2674,negative
2675,positive
2676,negative
2677,positive
2678,negative
2679,positive
2680,positive
2681,negative
2682,negative
2683,negative
2684,negative
2685,negative
2686,positive
2687,negative
2688,positive
2689,positive
2690,positive
2691,positive
2692,positive
2693,negative
2694,negative
2695,negative
2696,negative
2697,negative
2698,positive
2699,positive
2700,negative
2701,positive
2702,negative
2703,positive
2704,positive
2705,positive
2706,negative
2707,negative
2708,negative
2709,negative
2710,positive
2711,negative
2712,negative
2713,negative
2714,positive
2715,positive
2716,negative
2717,negative
2718,negative
2719,negative
2720,negative
2721,negative
2722,positive
2723,positive
2724,positive
2725,positive
2726,positive
2727,negative
2728,negative
2729,positive
2730,positive
2731,negative
2732,negative
2733,positive
2734,negative
2735,positive
2736,positive
2737,positive
2738,positive
2739,positive
2740,positive
2741,negative
2742,positive
2743,positive
2744,negative
2745,negative
2746,positive
2747,negative
2748,negative
2749,negative
2750,positive
2751,positive
2752,negative
2753,positive
2754,positive
2755,positive
2756,positive
2757,positive
2758,positive
2759,positive
2760,positive
2761,positive
2762,positive
2763,negative
2764,positive
2765,positive
2766,positive
2767,positive
2768,negative
2769,positive
2770,positive
2771,negative
2772,positive
2773,positive
2774,positive
2775,positive
2776,negative
2777,positive
2778,negative
2779,positive
2780,negative
2781,positive
2782,negative
2783,negative
2784,positive
2785,positive
2786,negative
2787,negative
2788,negative
2789,negative
2790,negative
2791,negative
2792,negative
2793,positive
2794,positive
2795,negative
2796,positive
2797,negative
2798,negative
2799,negative
2800,negative
2801,positive
2802,negative
2803,negative
2804,negative
2805,negative
2806,negative
2807,positive
2808,negative
2809,negative
2810,negative
2811,negative
2812,negative
2813,negative
2814,negative
2815,negative
2816,negative
2817,negative
2818,negative
2819,positive
2820,negative
2821,negative
2822,negative
2823,negative
2824,negative
2825,negative
2826,negative
2827,positive
2828,negative
2829,negative
2830,positive
2831,negative
2832,negative
2833,positive
2834,negative
2835,negative
2836,negative
2837,positive
2838,negative
2839,negative
2840,positive
2841,negative
2842,negative
2843,negative
2844,negative
2845,negative
2846,negative
2847,negative
2848,negative
2849,negative
2850,negative
2851,negative
2852,negative
2853,negative
2854,negative
2855,positive
2856,negative
2857,positive
2858,negative
2859,negative
2860,negative
2861,negative
2862,positive
2863,negative
2864,negative
2865,negative
2866,negative
2867,negative
2868,positive
2869,negative
2870,negative
2871,negative
2872,positive
2873,positive
2874,negative
2875,negative
2876,negative
2877,negative
2878,negative
2879,positive
2880,negative
2881,negative
2882,negative
2883,negative
2884,positive
2885,negative
2886,negative
2887,negative
2888,negative
2889,negative
2890,positive
2891,negative
2892,negative
2893,negative
2894,positive
2895,positive
2896,negative
2897,positive
2898,negative
2899,negative
2900,negative
2901,negative
2902,negative
2903,negative
2904,negative
2905,negative
2906,positive
2907,positive
2908,negative
2909,positive
2910,positive
2911,positive
2912,negative
2913,negative
2914,negative
2915,negative
2916,negative
2917,positive
2918,positive
2919,positive
2920,negative
2921,positive
2922,positive
2923,negative
2924,positive
2925,negative
2926,negative
2927,negative
2928,positive
2929,negative
2930,positive
2931,negative
2932,negative
2933,negative
2934,negative
2935,negative
2936,positive
2937,negative
2938,positive
2939,positive
2940,positive
2941,positive
2942,negative
2943,negative
2944,positive
2945,negative
2946,negative
2947,positive
2948,positive
2949,positive
2950,negative
2951,negative
2952,positive
2953,positive
2954,positive
2955,negative
2956,positive
2957,negative
2958,negative
2959,negative
2960,negative
2961,positive
2962,positive
2963,positive
2964,negative
2965,negative
2966,negative
2967,positive
2968,positive
2969,negative
2970,positive
2971,negative
2972,negative
2973,positive
2974,positive
2975,positive
2976,positive
2977,positive
2978,negative
2979,negative
2980,negative
2981,negative
2982,negative
2983,negative
2984,negative
2985,positive
2986,negative
2987,negative
2988,negative
2989,negative
2990,negative
2991,negative
2992,negative
2993,positive
2994,negative
2995,positive
2996,negative
2997,positive
2998,negative
2999,negative
3000,positive
3001,negative
3002,negative
3003,negative
3004,negative
3005,negative
3006,negative
3007,negative
3008,positive
3009,negative
3010,negative
3011,negative
3012,positive
3013,negative
3014,negative
3015,negative
3016,negative
3017,negative
3018,positive
3019,negative
3020,negative
3021,negative
3022,negative
3023,negative
3024,negative
3025,negative
3026,negative
3027,negative
3028,negative
3029,negative
3030,negative
3031,negative
3032,positive
3033,negative
3034,negative
3035,negative
3036,negative
3037,negative
3038,negative
3039,negative
3040,negative
3041,positive
3042,negative
3043,negative
3044,negative
3045,negative
3046,negative
3047,negative
3048,positive
3049,negative
3050,negative
3051,negative
3052,negative
3053,negative
3054,negative
3055,negative
3056,negative
3057,negative
3058,negative
3059,negative
3060,negative
3061,negative
3062,negative
3063,negative
3064,negative
3065,negative
3066,negative
3067,positive
3068,negative
3069,negative
3070,negative
3071,negative
3072,negative
3073,negative
3074,negative
3075,negative
3076,negative
3077,negative
3078,positive
3079,negative
3080,negative
3081,negative
3082,negative
3083,negative
3084,negative
3085,positive
3086,negative
3087,negative
3088,negative
3089,negative
3090,negative
3091,positive
3092,positive
3093,positive
3094,positive
3095,negative
3096,positive
3097,negative
3098,negative
3099,positive
3100,negative
3101,positive
3102,negative
3103,negative
3104,positive
3105,negative
3106,positive
3107,negative
3108,negative
3109,negative
3110,negative
3111,positive
3112,negative
3113,negative
3114,negative
3115,negative
3116,positive
3117,negative
3118,negative
3119,negative
3120,positive
3121,positive
3122,positive
3123,negative
3124,negative
3125,positive
3126,positive
3127,negative
3128,positive
3129,positive
3130,positive
3131,positive
3132,negative
3133,positive
3134,positive
3135,positive
3136,positive
3137,positive
3138,negative
3139,positive
3140,negative
3141,positive
3142,positive
3143,positive
3144,negative
3145,positive
3146,negative
3147,negative
3148,positive
3149,negative
3150,negative
3151,negative
3152,negative
3153,positive
3154,negative
3155,negative
3156,positive
3157,positive
3158,positive
3159,positive
3160,positive
3161,positive
3162,negative
3163,positive
3164,negative
3165,positive
3166,negative
3167,positive
3168,negative
3169,negative
3170,positive
3171,positive
3172,positive
3173,negative
3174,positive
3175,negative
3176,positive
3177,negative
3178,positive
3179,positive
3180,negative
3181,negative
3182,negative
3183,positive
3184,positive
3185,positive
3186,positive
3187,positive
3188,negative
3189,negative
3190,positive
3191,positive
3192,positive
3193,negative
3194,positive
3195,positive
3196,positive
3197,negative
3198,positive
3199,positive
3200,positive
3201,positive
3202,positive
3203,positive
3204,positive
3205,positive
3206,negative
3207,positive
3208,negative
3209,negative
3210,negative
3211,positive
3212,positive
3213,negative
3214,positive
3215,positive
3216,positive
3217,positive
3218,negative
3219,negative
3220,positive
3221,negative
3222,positive
3223,positive
3224,positive
3225,positive
3226,positive
3227,positive
3228,negative
3229,negative
3230,negative
3231,positive
3232,positive
3233,negative
3234,negative
3235,negative
3236,negative
3237,positive
3238,negative
3239,negative
3240,negative
3241,positive
3242,positive
3243,positive
3244,positive
3245,negative
3246,negative
3247,positive
3248,negative
3249,positive
3250,negative
3251,positive
3252,negative
3253,positive
3254,positive
3255,negative
3256,positive
3257,positive
3258,positive
3259,positive
3260,positive
3261,positive
3262,positive
3263,positive
3264,positive
3265,negative
3266,positive
3267,positive
3268,negative
3269,positive
3270,negative
3271,negative
3272,positive
3273,positive
3274,negative
3275,negative
3276,positive
3277,positive
3278,positive
3279,positive
3280,positive
3281,negative
3282,positive
3283,positive
3284,positive
3285,positive
3286,negative
3287,positive
3288,negative
3289,negative
3290,positive
3291,positive
3292,negative
3293,negative
3294,positive
3295,positive
3296,positive
3297,negative
3298,negative
3299,positive
3300,positive
3301,negative
3302,positive
3303,negative
3304,positive
3305,negative
3306,negative
3307,negative
3308,negative
3309,negative
3310,negative
3311,positive
3312,negative
3313,positive
3314,positive
3315,positive
3316,negative
3317,positive
3318,negative
3319,positive
3320,positive
3321,negative
3322,positive
3323,negative
3324,negative
3325,negative
3326,negative
3327,negative
3328,positive
3329,positive
3330,positive
3331,positive
3332,negative
3333,positive
3334,positive
3335,positive
3336,positive
3337,positive
3338,positive
3339,positive
3340,negative
3341,positive
3342,negative
3343,negative
3344,negative
3345,negative
3346,negative
3347,positive
3348,negative
3349,negative
3350,negative
3351,positive
3352,positive
3353,positive
3354,positive
3355,positive
3356,positive
3357,negative
3358,positive
3359,positive
3360,positive
3361,positive
3362,positive
3363,negative
3364,negative
3365,positive
3366,positive
3367,negative
3368,positive
3369,negative
3370,positive
3371,negative
3372,positive
3373,positive
3374,positive
3375,positive
3376,negative
3377,positive
3378,negative
3379,negative
3380,negative
3381,negative
3382,negative
3383,negative
3384,negative
3385,negative
3386,negative
3387,negative
3388,negative
3389,negative
3390,negative
3391,negative
3392,negative
3393,negative
3394,negative
3395,negative
3396,negative
3397,negative
3398,negative
3399,negative
3400,negative
3401,negative
3402,positive
3403,negative
3404,negative
3405,negative
3406,negative
3407,negative
3408,negative
3409,negative
3410,negative
3411,positive
3412,positive
3413,negative
3414,negative
3415,negative
3416,positive
3417,negative
3418,negative
3419,negative
3420,negative
3421,negative
3422,negative
3423,negative
3424,negative
3425,negative
3426,negative
3427,negative
3428,positive
3429,negative
3430,positive
3431,negative
3432,positive
3433,negative
3434,negative
3435,negative
3436,negative
3437,negative
3438,negative
3439,negative
3440,positive
3441,positive
3442,negative
3443,positive
3444,negative
3445,positive
3446,positive
3447,positive
3448,positive
3449,negative
3450,negative
3451,positive
3452,positive
3453,negative
3454,negative
3455,negative
3456,negative
3457,negative
3458,negative
3459,positive
3460,positive
3461,negative
3462,negative
3463,negative
3464,negative
3465,positive
3466,negative
3467,negative
3468,negative
3469,negative
3470,positive
3471,negative
3472,negative
3473,negative
3474,negative
3475,positive
3476,positive
3477,negative
3478,negative
3479,negative
3480,negative
3481,negative
3482,negative
3483,negative
3484,negative
3485,negative
3486,negative
3487,negative
3488,negative
3489,negative
3490,negative
3491,negative
3492,negative
3493,negative
3494,negative
3495,negative
3496,negative
3497,negative
3498,negative
3499,positive
3500,positive
3501,positive
3502,negative
3503,negative
3504,negative
3505,negative
3506,negative
3507,negative
3508,negative
3509,positive
3510,negative
3511,negative
3512,positive
3513,negative
3514,negative
3515,negative
3516,negative
3517,negative
3518,negative
3519,negative
3520,negative
3521,positive
3522,negative
3523,negative
3524,negative
3525,negative
3526,negative
3527,negative
3528,negative
3529,negative
3530,negative
3531,negative
3532,negative
3533,negative
3534,negative
3535,negative
3536,negative
3537,negative
3538,negative
3539,negative
3540,negative
3541,negative
3542,negative
3543,negative
3544,negative
3545,negative
3546,negative
3547,positive
3548,negative
3549,negative
3550,negative
3551,negative
3552,negative
3553,negative
3554,negative
3555,negative
3556,negative
3557,negative
3558,negative
3559,negative
3560,negative
3561,negative
3562,negative
3563,negative
3564,negative
3565,negative
3566,negative
3567,negative
3568,negative
3569,negative
3570,negative
3571,negative
3572,negative
3573,negative
3574,negative
3575,negative
3576,negative
3577,negative
3578,negative
3579,negative
3580,negative
3581,negative
3582,negative
3583,negative
3584,negative
3585,positive
3586,negative
3587,negative
3588,negative
3589,negative
3590,negative
3591,negative
3592,negative
3593,negative
3594,negative
3595,negative
3596,negative
3597,negative
3598,negative
3599,negative
3600,negative
3601,negative
3602,negative
3603,negative
3604,negative
3605,negative
3606,negative
3607,negative
3608,negative
3609,negative
3610,negative
3611,positive
3612,negative
3613,negative
3614,negative
3615,negative
3616,negative
3617,negative
3618,negative
3619,negative
3620,negative
3621,negative
3622,negative
3623,negative
3624,negative
3625,negative
3626,positive
3627,negative
3628,negative
3629,negative
3630,negative
3631,negative
3632,negative
3633,negative
3634,negative
3635,negative
3636,negative
3637,negative
3638,negative
3639,negative
3640,negative
3641,negative
3642,negative
3643,negative
3644,negative
3645,negative
3646,negative
3647,negative
3648,negative
3649,positive
3650,negative
3651,negative
3652,negative
3653,negative
3654,negative
3655,negative
3656,negative
3657,negative
3658,negative
3659,negative
3660,negative
3661,negative
3662,negative
3663,negative
3664,negative
3665,negative
3666,negative
3667,negative
3668,negative
3669,negative
3670,negative
3671,negative
3672,negative
3673,negative
3674,negative
3675,negative
3676,positive
3677,negative
3678,negative
3679,positive
3680,positive
3681,positive
3682,positive
3683,positive
3684,positive
3685,positive
3686,positive
3687,positive
3688,positive
3689,positive
3690,positive
3691,positive
3692,positive
3693,negative
3694,positive
3695,negative
3696,positive
3697,negative
3698,negative
3699,positive
3700,negative
3701,negative
3702,positive
3703,positive
3704,negative
3705,positive
3706,positive
3707,positive
3708,positive
3709,positive
3710,negative
3711,negative
3712,negative
3713,negative
3714,positive
3715,positive
3716,positive
3717,positive
3718,positive
3719,positive
3720,negative
3721,negative
3722,positive
3723,positive
3724,negative
3725,negative
3726,negative
3727,negative
3728,positive
3729,positive
3730,positive
3731,positive
3732,positive
3733,positive
3734,positive
3735,positive
3736,positive
3737,positive
3738,negative
3739,positive
3740,positive
3741,positive
3742,negative
3743,negative
3744,positive
3745,positive
3746,positive
3747,positive
3748,negative
3749,negative
3750,negative
3751,negative
3752,positive
3753,negative
3754,negative
3755,positive
3756,negative
3757,positive
3758,positive
3759,positive
3760,positive
3761,positive
3762,negative
3763,positive
3764,positive
3765,positive
3766,positive
3767,positive
3768,positive
3769,positive
3770,negative
3771,positive
3772,positive
3773,positive
3774,negative
3775,negative
3776,positive
3777,positive
3778,positive
3779,negative
3780,positive
3781,positive
3782,negative
3783,positive
3784,positive
3785,negative
3786,positive
3787,positive
3788,negative
3789,negative
3790,negative
3791,positive
3792,positive
3793,negative
3794,positive
3795,positive
3796,positive
3797,negative
3798,positive
3799,positive
3800,positive
3801,negative
3802,negative
3803,positive
3804,negative
3805,negative
3806,negative
3807,positive
3808,positive
3809,negative
3810,negative
3811,positive
3812,negative
3813,positive
3814,positive
3815,negative
3816,negative
3817,positive
3818,positive
3819,positive
3820,positive
3821,negative
3822,positive
3823,negative
3824,negative
3825,positive
3826,negative
3827,negative
3828,negative
3829,positive
3830,positive
3831,negative
3832,positive
3833,negative
3834,positive
3835,negative
3836,negative
3837,negative
3838,negative
3839,negative
3840,negative
3841,positive
3842,negative
3843,negative
3844,negative
3845,negative
3846,negative
3847,positive
3848,positive
3849,positive
3850,negative
3851,positive
3852,positive
3853,negative
3854,negative
3855,negative
3856,positive
3857,positive
3858,negative
3859,positive
3860,negative
3861,positive
3862,negative
3863,positive
3864,positive
3865,positive
3866,positive
3867,positive
3868,positive
3869,positive
3870,negative
3871,positive
3872,positive
3873,positive
3874,positive
3875,positive
3876,negative
3877,negative
3878,negative
3879,positive
3880,positive
3881,positive
3882,positive
3883,positive
3884,negative
3885,negative
3886,positive
3887,negative
3888,negative
3889,negative
3890,positive
3891,positive
3892,positive
3893,positive
3894,positive
3895,positive
3896,positive
3897,positive
3898,negative
3899,negative
3900,positive
3901,negative
3902,positive
3903,negative
3904,positive
3905,negative
3906,positive
3907,positive
3908,negative
3909,negative
3910,negative
3911,negative
3912,positive
3913,positive
3914,positive
3915,positive
3916,positive
3917,negative
3918,negative
3919,positive
3920,positive
3921,negative
3922,positive
3923,positive
3924,positive
3925,positive
3926,positive
3927,negative
3928,positive
3929,negative
3930,negative
3931,negative
3932,negative
3933,positive
3934,positive
3935,positive
3936,positive
3937,positive
3938,positive
3939,negative
3940,positive
3941,positive
3942,positive
3943,positive
3944,negative
3945,positive
3946,positive
3947,negative
3948,negative
3949,negative
3950,negative
3951,negative
3952,negative
3953,negative
3954,negative
3955,negative
3956,negative
3957,positive
3958,negative
3959,positive
3960,positive
3961,positive
3962,negative
3963,negative
3964,positive
3965,positive
3966,positive
3967,positive
3968,positive
3969,positive
3970,positive
3971,positive
3972,positive
3973,positive
3974,negative
3975,positive
3976,positive
3977,negative
3978,negative
3979,negative
3980,negative
3981,positive
3982,negative
3983,negative
3984,negative
3985,negative
3986,negative
3987,positive
3988,positive
3989,negative
3990,positive
3991,positive
3992,negative
3993,negative
3994,positive
3995,negative
3996,negative
3997,positive
3998,negative
3999,positive
4000,positive
4001,negative
4002,negative
4003,negative
4004,negative
4005,positive
4006,positive
4007,negative
4008,negative
4009,negative
4010,negative
4011,negative
4012,positive
4013,negative
4014,negative
4015,positive
4016,positive
4017,negative
4018,negative
4019,negative
4020,negative
4021,negative
4022,negative
4023,negative
4024,negative
4025,negative
4026,negative
4027,negative
4028,positive
4029,negative
4030,negative
4031,negative
4032,negative
4033,positive
4034,positive
4035,positive
4036,negative
4037,positive
4038,positive
4039,positive
4040,negative
4041,negative
4042,positive
4043,positive
4044,positive
4045,positive
4046,negative
4047,positive
4048,positive
4049,negative
4050,negative
4051,positive
4052,positive
4053,negative
4054,negative
4055,positive
4056,positive
4057,negative
4058,negative
4059,positive
4060,positive
4061,positive
4062,negative
4063,negative
4064,negative
4065,positive
4066,positive
4067,positive
4068,negative
4069,negative
4070,positive
4071,positive
4072,negative
4073,positive
4074,negative
4075,positive
4076,positive
4077,positive
4078,positive
4079,positive
4080,positive
4081,positive
4082,positive
4083,negative
4084,positive
4085,negative
4086,positive
4087,positive
4088,positive
4089,positive
4090,positive
4091,positive
4092,positive
4093,positive
4094,positive
4095,negative
4096,negative
4097,positive
4098,positive
4099,positive
4100,negative
4101,positive
4102,positive
4103,positive
4104,positive
4105,positive
4106,positive
4107,positive
4108,negative
4109,positive
4110,positive
4111,positive
4112,positive
4113,negative
4114,negative
4115,positive
4116,positive
4117,positive
4118,positive
4119,negative
4120,positive
4121,negative
4122,positive
4123,positive
4124,negative
4125,positive
4126,positive
4127,positive
4128,positive
4129,positive
4130,positive
4131,positive
4132,positive
4133,positive
4134,positive
4135,positive
4136,positive
4137,positive
4138,positive
4139,negative
4140,positive
4141,positive
4142,positive
4143,positive
4144,positive
4145,negative
4146,negative
4147,negative
4148,positive
4149,positive
4150,positive
4151,positive
4152,positive
4153,positive
4154,positive
4155,negative
4156,positive
4157,negative
4158,positive
4159,positive
4160,negative
4161,positive
4162,positive
4163,negative
4164,positive
4165,positive
4166,positive
4167,positive
4168,positive
4169,positive
4170,negative
4171,positive
4172,positive
4173,negative
4174,positive
4175,negative
4176,negative
4177,negative
4178,positive
4179,positive
4180,positive
4181,positive
4182,positive
4183,negative
4184,positive
4185,negative
4186,negative
4187,positive
4188,positive
4189,positive
4190,positive
4191,negative
4192,negative
4193,negative
4194,positive
4195,positive
4196,positive
4197,positive
4198,positive
4199,positive
4200,negative
4201,negative
4202,positive
4203,negative
4204,positive
4205,positive
4206,positive
4207,positive
4208,positive
4209,positive
4210,negative
4211,negative
4212,negative
4213,negative
4214,positive
4215,positive
4216,negative
4217,positive
4218,positive
4219,positive
4220,positive
4221,negative
4222,negative
4223,negative
4224,negative
4225,positive
4226,positive
4227,positive
4228,negative
4229,negative
4230,positive
4231,positive
4232,positive
4233,negative
4234,negative
4235,negative
4236,negative
4237,positive
4238,negative
4239,negative
4240,positive
4241,positive
4242,positive
4243,negative
4244,positive
4245,positive
4246,positive
4247,positive
4248,negative
4249,positive
4250,positive
4251,positive
4252,positive
4253,positive
4254,positive
4255,positive
4256,positive
4257,positive
4258,negative
4259,positive
4260,positive
4261,positive
4262,negative
4263,positive
4264,positive
4265,positive
4266,positive
4267,positive
4268,positive
4269,positive
4270,negative
4271,positive
4272,positive
4273,positive
4274,negative
4275,negative
4276,negative
4277,positive
4278,positive
4279,positive
4280,negative
4281,positive
4282,positive
4283,negative
4284,positive
4285,negative
4286,positive
4287,negative
4288,positive
4289,positive
4290,negative
4291,negative
4292,negative
4293,positive
4294,positive
4295,negative
4296,negative
4297,positive
4298,negative
4299,negative
4300,positive
4301,positive
4302,negative
4303,negative
4304,negative
4305,negative
4306,negative
4307,positive
4308,positive
4309,positive
4310,negative
4311,negative
4312,positive
4313,positive
4314,negative
4315,negative
4316,negative
4317,negative
4318,negative
4319,positive
4320,negative
4321,negative
4322,negative
4323,positive
4324,positive
4325,positive
4326,positive
4327,negative
4328,negative
4329,negative
4330,negative
4331,negative
4332,negative
4333,positive
4334,negative
4335,negative
4336,negative
4337,negative
4338,negative
4339,negative
4340,positive
4341,negative
4342,negative
4343,positive
4344,negative
4345,negative
4346,negative
4347,negative
4348,positive
4349,positive
4350,negative
4351,positive
4352,positive
4353,positive
4354,positive
4355,negative
4356,positive
4357,positive
4358,negative
4359,negative
4360,negative
4361,negative
4362,negative
4363,negative
4364,positive
4365,positive
4366,negative
4367,negative
4368,negative
4369,positive
4370,positive
4371,positive
4372,positive
4373,positive
4374,positive
4375,positive
4376,positive
4377,negative
4378,positive
4379,positive
4380,negative
4381,positive
4382,negative
4383,positive
4384,positive
4385,positive
4386,positive
4387,positive
4388,positive
4389,positive
4390,positive
4391,negative
4392,negative
4393,negative
4394,positive
4395,positive
4396,positive
4397,positive
4398,positive
4399,positive
4400,positive
4401,positive
4402,negative
4403,positive
4404,positive
4405,positive
4406,positive
4407,negative
4408,negative
4409,negative
4410,positive
4411,negative
4412,negative
4413,negative
4414,negative
4415,positive
4416,negative
4417,positive
4418,negative
4419,negative
4420,negative
4421,positive
4422,negative
4423,positive
4424,positive
4425,negative
4426,positive
4427,positive
4428,negative
4429,positive
4430,positive
4431,positive
4432,positive
4433,positive
4434,positive
4435,positive
4436,positive
4437,negative
4438,negative
4439,positive
4440,positive
4441,positive
4442,positive
4443,positive
4444,negative
4445,negative
4446,negative
4447,positive
4448,negative
4449,positive
4450,negative
4451,positive
4452,positive
4453,negative
4454,negative
4455,positive
4456,negative
4457,positive
4458,positive
4459,positive
4460,negative
4461,negative
4462,positive
4463,positive
4464,negative
4465,negative
4466,positive
4467,positive
4468,positive
4469,negative
4470,positive
4471,negative
4472,negative
4473,positive
4474,positive
4475,positive
4476,positive
4477,negative
4478,positive
4479,positive
4480,positive
4481,positive
4482,positive
4483,positive
4484,positive
4485,positive
4486,positive
4487,negative
4488,positive
4489,positive
4490,positive
4491,positive
4492,positive
4493,positive
4494,positive
4495,positive
4496,positive
4497,positive
4498,positive
4499,positive
4500,negative
4501,negative
4502,positive
4503,positive
4504,negative
4505,positive
4506,positive
4507,negative
4508,positive
4509,positive
4510,positive
4511,positive
4512,negative
4513,positive
4514,positive
4515,positive
4516,positive
4517,positive
4518,positive
4519,positive
4520,positive
4521,positive
4522,negative
4523,negative
4524,positive
4525,positive
4526,negative
4527,positive
4528,positive
4529,positive
4530,positive
4531,positive
4532,positive
4533,positive
4534,negative
4535,negative
4536,negative
4537,positive
4538,positive
4539,positive
4540,positive
4541,positive
4542,positive
4543,positive
4544,negative
4545,negative
4546,negative
4547,positive
4548,positive
4549,positive
4550,positive
4551,negative
4552,positive
4553,negative
4554,positive
4555,negative
4556,positive
4557,positive
4558,negative
4559,positive
4560,positive
4561,positive
4562,negative
4563,positive
4564,positive
4565,positive
4566,positive
4567,positive
4568,positive
4569,negative
4570,positive
4571,positive
4572,positive
4573,positive
4574,negative
4575,positive
4576,negative
4577,negative
4578,negative
4579,positive
4580,positive
4581,negative
4582,negative
4583,negative
4584,negative
4585,negative
4586,negative
4587,positive
4588,positive
4589,negative
4590,negative
4591,negative
4592,negative
4593,positive
4594,negative
4595,negative
4596,negative
4597,negative
4598,negative
4599,negative
4600,positive
4601,negative
4602,positive
4603,negative
4604,positive
4605,negative
4606,negative
4607,negative
4608,positive
4609,positive
4610,negative
4611,negative
4612,positive
4613,negative
4614,positive
4615,negative
4616,positive
4617,negative
4618,negative
4619,positive
4620,negative
4621,positive
4622,negative
4623,negative
4624,positive
4625,negative
4626,positive
4627,negative
4628,positive
4629,positive
4630,negative
4631,positive
4632,positive
4633,positive
4634,negative
4635,positive
4636,negative
4637,positive
4638,positive
4639,positive
4640,positive
4641,positive
4642,negative
4643,negative
4644,negative
4645,positive
4646,negative
4647,positive
4648,positive
4649,negative
4650,positive
4651,positive
4652,positive
4653,negative
4654,negative
4655,positive
4656,negative
4657,negative
4658,negative
4659,negative
4660,negative
4661,negative
4662,positive
4663,positive
4664,negative
4665,positive
4666,negative
4667,positive
4668,negative
4669,positive
4670,negative
4671,negative
4672,positive
4673,positive
4674,positive
4675,positive
4676,negative
4677,positive
4678,positive
4679,positive
4680,positive
4681,positive
4682,positive
4683,positive
4684,positive
4685,positive
4686,positive
4687,positive
4688,positive
4689,positive
4690,positive
4691,positive
4692,negative
4693,positive
4694,positive
4695,positive
4696,positive
4697,positive
4698,positive
4699,positive
4700,positive
4701,positive
4702,positive
4703,positive
4704,positive
4705,positive
4706,positive
4707,negative
4708,positive
4709,negative
4710,positive
4711,positive
4712,positive
4713,negative
4714,positive
4715,positive
4716,negative
4717,positive
4718,positive
4719,positive
4720,positive
4721,negative
4722,negative
4723,negative
4724,positive
4725,positive
4726,negative
4727,positive
4728,positive
4729,positive
4730,positive
4731,positive
4732,positive
4733,positive
4734,negative
4735,positive
4736,positive
4737,positive
4738,positive
4739,positive
4740,positive
4741,positive
4742,positive
4743,positive
4744,positive
4745,positive
4746,negative
4747,positive
4748,positive
4749,positive
4750,negative
4751,positive
4752,positive
4753,positive
4754,negative
4755,positive
4756,positive
4757,positive
4758,positive
4759,positive
4760,positive
4761,negative
4762,negative
4763,positive
4764,negative
4765,negative
4766,negative
4767,positive
4768,negative
4769,negative
4770,positive
4771,positive
4772,positive
4773,positive
4774,negative
4775,negative
4776,negative
4777,negative
4778,negative
4779,positive
4780,positive
4781,negative
4782,positive
4783,negative
4784,positive
4785,positive
4786,positive
4787,positive
4788,positive
4789,positive
4790,positive
4791,positive
4792,positive
4793,positive
4794,negative
4795,positive
4796,positive
4797,negative
4798,positive
4799,positive
4800,positive
4801,negative
4802,positive
4803,negative
4804,negative
4805,negative
4806,positive
4807,positive
4808,positive
4809,negative
4810,negative
4811,negative
4812,negative
4813,negative
4814,negative
4815,negative
4816,negative
4817,negative
4818,negative
4819,negative
4820,positive
4821,positive
4822,negative
4823,positive
4824,positive
4825,positive
4826,positive
4827,negative
4828,negative
4829,negative
4830,negative
4831,negative
4832,negative
4833,negative
4834,negative
4835,negative
4836,negative
4837,negative
4838,negative
4839,negative
4840,negative
4841,positive
4842,negative
4843,negative
4844,positive
4845,negative
4846,positive
4847,negative
4848,positive
4849,positive
4850,negative
4851,negative
4852,positive
4853,positive
4854,positive
4855,positive
4856,positive
4857,positive
4858,negative
4859,positive
4860,positive
4861,positive
4862,negative
4863,positive
4864,negative
4865,negative
4866,negative
4867,negative
4868,negative
4869,negative
4870,negative
4871,positive
4872,negative
4873,negative
4874,positive
4875,positive
4876,positive
4877,negative
4878,positive
4879,negative
4880,negative
4881,positive
4882,negative
4883,positive
4884,positive
4885,positive
4886,positive
4887,positive
4888,positive
4889,negative
4890,positive
4891,negative
4892,positive
4893,negative
4894,negative
4895,negative
4896,positive
4897,positive
4898,positive
4899,negative
4900,negative
4901,positive
4902,negative
4903,negative
4904,positive
4905,positive
4906,negative
4907,negative
4908,negative
4909,negative
4910,positive
4911,positive
4912,negative
4913,positive
4914,negative
4915,negative
4916,negative
4917,negative
4918,negative
4919,negative
4920,positive
4921,positive
4922,negative
4923,negative
4924,positive
4925,negative
4926,positive
4927,negative
4928,positive
4929,negative
4930,negative
4931,positive
4932,positive
4933,negative
4934,positive
4935,positive
4936,negative
4937,positive
4938,positive
4939,positive
4940,positive
4941,positive
4942,positive
4943,positive
4944,positive
4945,negative
4946,negative
4947,positive
4948,positive
4949,negative
4950,negative
4951,positive
4952,positive
4953,negative
4954,negative
4955,positive
4956,positive
4957,negative
4958,positive
4959,negative
4960,negative
4961,negative
4962,negative
4963,positive
4964,positive
4965,positive
4966,positive
4967,negative
4968,negative
4969,positive
4970,positive
4971,negative
4972,negative
4973,negative
4974,negative
4975,negative
4976,negative
4977,negative
4978,negative
4979,negative
4980,negative
4981,negative
4982,negative
4983,negative
4984,negative
4985,negative
4986,negative
4987,positive
4988,positive
4989,negative
4990,negative
4991,negative
4992,negative
4993,positive
4994,negative
4995,negative
4996,negative
4997,negative
4998,negative
4999,positive
5000,negative
5001,negative
5002,positive
5003,negative
5004,negative
5005,negative
5006,negative
5007,negative
5008,positive
5009,negative
5010,negative
5011,negative
5012,negative
5013,negative
5014,negative
5015,negative
5016,negative
5017,negative
5018,negative
5019,negative
5020,negative
5021,negative
5022,negative
5023,negative
5024,negative
5025,negative
5026,negative
5027,negative
5028,negative
5029,negative
5030,positive
5031,negative
5032,negative
5033,negative
5034,negative
5035,negative
5036,negative
5037,negative
5038,negative
5039,negative
5040,negative
5041,negative
5042,negative
5043,positive
5044,negative
5045,negative
5046,negative
5047,negative
5048,negative
5049,negative
5050,negative
5051,negative
5052,negative
5053,negative
5054,positive
5055,negative
5056,negative
5057,negative
5058,negative
5059,negative
5060,negative
5061,negative
5062,negative
5063,negative
5064,negative
5065,negative
5066,positive
5067,negative
5068,negative
5069,positive
5070,negative
5071,positive
5072,negative
5073,negative
5074,positive
5075,positive
5076,negative
5077,negative
5078,negative
5079,negative
5080,positive
5081,negative
5082,positive
5083,negative
5084,positive
5085,positive
5086,negative
5087,negative
5088,positive
5089,negative
5090,negative
5091,positive
5092,negative
5093,positive
5094,negative
5095,positive
5096,negative
5097,negative
5098,negative
5099,negative
5100,negative
5101,positive
5102,negative
5103,negative
5104,negative
5105,positive
5106,positive
5107,positive
5108,positive
5109,positive
5110,negative
5111,negative
5112,negative
5113,negative
5114,negative
5115,negative
5116,negative
5117,positive
5118,positive
5119,negative
5120,negative
5121,positive
5122,negative
5123,negative
5124,negative
5125,positive
5126,positive
5127,negative
5128,negative
5129,negative
5130,negative
5131,negative
5132,negative
5133,negative
5134,negative
5135,negative
5136,negative
5137,negative
5138,negative
5139,negative
5140,negative
5141,negative
5142,negative
5143,negative
5144,positive
5145,positive
5146,negative
5147,negative
5148,negative
5149,negative
5150,negative
5151,positive
5152,negative
5153,negative
5154,negative
5155,negative
5156,negative
5157,negative
5158,negative
5159,negative
5160,negative
5161,negative
5162,positive
5163,negative
5164,negative
5165,negative
5166,negative
5167,negative
5168,negative
5169,positive
5170,negative
5171,negative
5172,negative
5173,negative
5174,positive
5175,positive
5176,negative
5177,positive
5178,negative
5179,negative
5180,negative
5181,negative
5182,negative
5183,negative
5184,negative
5185,positive
5186,negative
5187,negative
5188,negative
5189,negative
5190,negative
5191,negative
5192,negative
5193,positive
5194,negative
5195,negative
5196,negative
5197,negative
5198,negative
5199,negative
5200,negative
5201,negative
5202,negative
5203,negative
5204,negative
5205,negative
5206,negative
5207,negative
5208,negative
5209,negative
5210,negative
5211,positive
5212,negative
5213,negative
5214,negative
5215,negative
5216,negative
5217,negative
5218,negative
5219,negative
5220,negative
5221,negative
5222,negative
5223,negative
5224,negative
5225,negative
5226,negative
5227,negative
5228,negative
5229,negative
5230,positive
5231,negative
5232,negative
5233,negative
5234,negative
5235,negative
5236,negative
5237,negative
5238,negative
5239,negative
5240,negative
5241,positive
5242,negative
5243,negative
5244,negative
5245,positive
5246,negative
5247,negative
5248,negative
5249,negative
5250,negative
5251,negative
5252,positive
5253,negative
5254,negative
5255,negative
5256,negative
5257,positive
5258,negative
5259,positive
5260,negative
5261,positive
5262,negative
5263,negative
5264,negative
5265,positive
5266,negative
5267,positive
5268,negative
5269,negative
5270,negative
5271,negative
5272,negative
5273,negative
5274,positive
5275,positive
5276,positive
5277,negative
5278,negative
5279,negative
5280,positive
5281,negative
5282,negative
5283,negative
5284,negative
5285,negative
5286,negative
5287,negative
5288,negative
5289,negative
5290,negative
5291,negative
5292,negative
5293,positive
5294,negative
5295,negative
5296,negative
5297,negative
5298,negative
5299,negative
5300,negative
5301,positive
5302,positive
5303,positive
5304,positive
5305,negative
5306,negative
5307,negative
5308,negative
5309,negative
5310,negative
5311,negative
5312,negative
5313,positive
5314,positive
5315,negative
5316,negative
5317,negative
5318,negative
5319,negative
5320,negative
5321,negative
5322,negative
5323,positive
5324,negative
5325,negative
5326,negative
5327,negative
5328,negative
5329,negative
5330,negative
5331,negative
5332,negative
5333,positive
5334,negative
5335,negative
5336,negative
5337,negative
5338,negative
5339,negative
5340,positive
5341,negative
5342,negative
5343,negative
5344,negative
5345,negative
5346,negative
5347,negative
5348,negative
5349,negative
5350,negative
5351,negative
5352,negative
5353,negative
5354,positive
5355,positive
5356,negative
5357,negative
5358,negative
5359,negative
5360,negative
5361,negative
5362,negative
5363,negative
5364,negative
5365,positive
5366,negative
5367,negative
5368,negative
5369,positive
5370,positive
5371,negative
5372,positive
5373,negative
5374,positive
5375,negative
5376,negative
5377,positive
5378,positive
5379,positive
5380,negative
5381,negative
5382,negative
5383,negative
5384,negative
5385,positive
5386,positive
5387,positive
5388,negative
5389,negative
5390,positive
5391,negative
5392,positive
5393,positive
5394,negative
5395,positive
5396,positive
5397,positive
5398,negative
5399,positive
5400,negative
5401,negative
5402,negative
5403,negative
5404,positive
5405,positive
5406,positive
5407,positive
5408,positive
5409,positive
5410,negative
5411,negative
5412,positive
5413,positive
5414,positive
5415,positive
5416,positive
5417,positive
5418,positive
5419,negative
5420,positive
5421,negative
5422,positive
5423,negative
5424,negative
5425,positive
5426,negative
5427,negative
5428,positive
5429,positive
5430,positive
5431,positive
5432,positive
5433,positive
5434,positive
5435,positive
5436,positive
5437,positive
5438,positive
5439,negative
5440,positive
5441,negative
5442,positive
5443,negative
5444,negative
5445,positive
5446,positive
5447,negative
5448,positive
5449,negative
5450,negative
5451,negative
5452,negative
5453,positive
5454,negative
5455,negative
5456,negative
5457,positive
5458,positive
5459,positive
5460,positive
5461,positive
5462,negative
5463,positive
5464,positive
5465,positive
5466,negative
5467,negative
5468,negative
5469,negative
5470,negative
5471,negative
5472,negative
5473,negative
5474,negative
5475,negative
5476,positive
5477,positive
5478,positive
5479,positive
5480,positive
5481,negative
5482,negative
5483,positive
5484,negative
5485,negative
5486,negative
5487,positive
5488,negative
5489,positive
5490,negative
5491,negative
5492,positive
5493,positive
5494,positive
5495,positive
5496,positive
5497,negative
5498,positive
5499,positive
5500,negative
5501,negative
5502,negative
5503,negative
5504,positive
5505,negative
5506,positive
5507,negative
5508,negative
5509,negative
5510,positive
5511,positive
5512,positive
5513,negative
5514,positive
5515,positive
5516,negative
5517,negative
5518,positive
5519,positive
5520,positive
5521,negative
5522,positive
5523,positive
5524,negative
5525,positive
5526,positive
5527,positive
5528,negative
5529,negative
5530,positive
5531,negative
5532,positive
5533,positive
5534,positive
5535,negative
5536,positive
5537,positive
5538,negative
5539,negative
5540,negative
5541,positive
5542,negative
5543,negative
5544,positive
5545,positive
5546,negative
5547,negative
5548,positive
5549,positive
5550,negative
5551,negative
5552,positive
5553,positive
5554,positive
5555,negative
5556,positive
5557,positive
5558,positive
5559,negative
5560,positive
5561,negative
5562,negative
5563,negative
5564,negative
5565,negative
5566,positive
5567,positive
5568,positive
5569,positive
5570,negative
5571,positive
5572,positive
5573,positive
5574,positive
5575,positive
5576,positive
5577,positive
5578,positive
5579,negative
5580,positive
5581,positive
5582,positive
5583,negative
5584,positive
5585,positive
5586,positive
5587,positive
5588,positive
5589,positive
5590,positive
5591,positive
5592,positive
5593,positive
5594,negative
5595,positive
5596,positive
5597,positive
5598,positive
5599,positive
5600,positive
5601,positive
5602,positive
5603,positive
5604,positive
5605,positive
5606,positive
5607,positive
5608,positive
5609,positive
5610,positive
5611,positive
5612,positive
5613,negative
5614,positive
5615,positive
5616,negative
5617,positive
5618,positive
5619,negative
5620,positive
5621,positive
5622,negative
5623,positive
5624,positive
5625,positive
5626,positive
5627,positive
5628,positive
5629,positive
5630,positive
5631,negative
5632,negative
5633,positive
5634,positive
5635,positive
5636,positive
5637,negative
5638,negative
5639,negative
5640,positive
5641,negative
5642,positive
5643,positive
5644,negative
5645,negative
5646,positive
5647,positive
5648,positive
5649,positive
5650,negative
5651,negative
5652,positive
5653,negative
5654,negative
5655,positive
5656,negative
5657,positive
5658,positive
5659,positive
5660,positive
5661,positive
5662,positive
5663,positive
5664,positive
5665,positive
5666,positive
5667,negative
5668,positive
5669,positive
5670,positive
5671,negative
5672,negative
5673,negative
5674,negative
5675,positive
5676,negative
5677,negative
5678,negative
5679,negative
5680,negative
5681,negative
5682,negative
5683,negative
5684,positive
5685,negative
5686,positive
5687,positive
5688,negative
5689,negative
5690,positive
5691,negative
5692,negative
5693,positive
5694,positive
5695,positive
5696,negative
5697,positive
5698,positive
5699,negative
5700,positive
5701,negative
5702,negative
5703,negative
5704,negative
5705,positive
5706,positive
5707,negative
5708,negative
5709,negative
5710,positive
5711,negative
5712,negative
5713,positive
5714,positive
5715,positive
5716,negative
5717,negative
5718,negative
5719,negative
5720,negative
5721,positive
5722,negative
5723,negative
5724,negative
5725,positive
5726,positive
5727,positive
5728,negative
5729,positive
5730,positive
5731,positive
5732,negative
5733,positive
5734,negative
5735,negative
5736,positive
5737,negative
5738,positive
5739,negative
5740,positive
5741,negative
5742,negative
5743,positive
5744,negative
5745,negative
5746,positive
5747,positive
5748,negative
5749,positive
5750,positive
5751,negative
5752,negative
5753,negative
5754,negative
5755,positive
5756,negative
5757,positive
5758,negative
5759,positive
5760,negative
5761,positive
5762,positive
5763,positive
5764,positive
5765,positive
5766,negative
5767,negative
5768,negative
5769,negative
5770,negative
5771,positive
5772,negative
5773,negative
5774,negative
5775,positive
5776,positive
5777,positive
5778,positive
5779,negative
5780,positive
5781,negative
5782,negative
5783,positive
5784,positive
5785,positive
5786,positive
5787,negative
5788,positive
5789,positive
5790,negative
5791,negative
5792,negative
5793,positive
5794,negative
5795,positive
5796,negative
5797,negative
5798,negative
5799,positive
5800,negative
5801,negative
5802,positive
5803,negative
5804,negative
5805,positive
5806,negative
5807,negative
5808,negative
5809,positive
5810,negative
5811,positive
5812,negative
5813,negative
5814,positive
5815,positive
5816,negative
5817,positive
5818,positive
5819,negative
5820,negative
5821,positive
5822,positive
5823,positive
5824,positive
5825,positive
5826,positive
5827,negative
5828,negative
5829,negative
5830,negative
5831,positive
5832,positive
5833,positive
5834,positive
5835,positive
5836,positive
5837,negative
5838,negative
5839,positive
5840,positive
5841,negative
5842,positive
5843,negative
5844,negative
5845,positive
5846,positive
5847,positive
5848,positive
5849,positive
5850,negative
5851,negative
5852,positive
5853,negative
5854,positive
5855,positive
5856,negative
5857,positive
5858,positive
5859,positive
5860,negative
5861,positive
5862,positive
5863,negative
5864,positive
5865,negative
5866,positive
5867,positive
5868,negative
5869,positive
5870,negative
5871,positive
5872,negative
5873,negative
5874,negative
5875,positive
5876,positive
5877,positive
5878,positive
5879,positive
5880,positive
5881,positive
5882,positive
5883,positive
5884,negative
5885,positive
5886,positive
5887,positive
5888,positive
5889,positive
5890,negative
5891,positive
5892,positive
5893,negative
5894,positive
5895,positive
5896,negative
5897,positive
5898,negative
5899,negative
5900,positive
5901,negative
5902,positive
5903,positive
5904,positive
5905,positive
5906,negative
5907,positive
5908,negative
5909,positive
5910,negative
5911,negative
5912,positive
5913,positive
5914,negative
5915,negative
5916,negative
5917,negative
5918,positive
5919,negative
5920,negative
5921,negative
5922,positive
5923,positive
5924,positive
5925,positive
5926,negative
5927,positive
5928,negative
5929,negative
5930,positive
5931,negative
5932,positive
5933,positive
5934,negative
5935,negative
5936,negative
5937,negative
5938,negative
5939,negative
5940,positive
5941,positive
5942,negative
5943,negative
5944,positive
5945,negative
5946,positive
5947,positive
5948,positive
5949,negative
5950,negative
5951,positive
5952,negative
5953,positive
5954,negative
5955,positive
5956,negative
5957,negative
5958,positive
5959,negative
5960,positive
5961,negative
5962,negative
5963,negative
5964,positive
5965,negative
5966,negative
5967,negative
5968,negative
5969,negative
5970,negative
